scenario_id,objective,environment,technique,decoy_or_product,version,baseline,condition,scenario_class,method,path,http_status,action_time_utc,alert_time_utc,alert_received,alert_investigable,legitimate_action,decoy_detected,latency_ms,installation_hours,maintenance_hours,investigation_hours,safety_incident,source_url,source_access_date,observer,notes
baseline-decoy-env-file-01,Evaluate source-bounded decoy reporting schema,Local loopback HTTP,Decoy,Atlas HTTP decoy pilot,1.0,Uninstrumented local application,baseline,decoy,GET,/.env,404,2026-09-18T18:14:32.896Z,,false,false,false,,,,,,false,,2026-09-18,Automated local experiment runner,
baseline-decoy-env-file-02,Evaluate source-bounded decoy reporting schema,Local loopback HTTP,Decoy,Atlas HTTP decoy pilot,1.0,Uninstrumented local application,baseline,decoy,GET,/.env,404,2026-09-18T18:14:32.910Z,,false,false,false,,,,,,false,,2026-09-18,Automated local experiment runner,
baseline-decoy-env-file-03,Evaluate source-bounded decoy reporting schema,Local loopback HTTP,Decoy,Atlas HTTP decoy pilot,1.0,Uninstrumented local application,baseline,decoy,GET,/.env,404,2026-09-18T18:14:32.913Z,,false,false,false,,,,,,false,,2026-09-18,Automated local experiment runner,
baseline-decoy-env-file-04,Evaluate source-bounded decoy reporting schema,Local loopback HTTP,Decoy,Atlas HTTP decoy pilot,1.0,Uninstrumented local application,baseline,decoy,GET,/.env,404,2026-09-18T18:14:32.926Z,,false,false,false,,,,,,false,,2026-09-18,Automated local experiment runner,
baseline-decoy-env-file-05,Evaluate source-bounded decoy reporting schema,Local loopback HTTP,Decoy,Atlas HTTP decoy pilot,1.0,Uninstrumented local application,baseline,decoy,GET,/.env,404,2026-09-18T18:14:32.928Z,,false,false,false,,,,,,false,,2026-09-18,Automated local experiment runner,
baseline-decoy-env-file-06,Evaluate source-bounded decoy reporting schema,Local loopback HTTP,Decoy,Atlas HTTP decoy pilot,1.0,Uninstrumented local application,baseline,decoy,GET,/.env,404,2026-09-18T18:14:32.941Z,,false,false,false,,,,,,false,,2026-09-18,Automated local experiment runner,
baseline-decoy-env-file-07,Evaluate source-bounded decoy reporting schema,Local loopback HTTP,Decoy,Atlas HTTP decoy pilot,1.0,Uninstrumented local application,baseline,decoy,GET,/.env,404,2026-09-18T18:14:32.950Z,,false,false,false,,,,,,false,,2026-09-18,Automated local experiment runner,
baseline-decoy-env-file-08,Evaluate source-bounded decoy reporting schema,Local loopback HTTP,Decoy,Atlas HTTP decoy pilot,1.0,Uninstrumented local application,baseline,decoy,GET,/.env,404,2026-09-18T18:14:32.959Z,,false,false,false,,,,,,false,,2026-09-18,Automated local experiment runner,
baseline-decoy-env-file-09,Evaluate source-bounded decoy reporting schema,Local loopback HTTP,Decoy,Atlas HTTP decoy pilot,1.0,Uninstrumented local application,baseline,decoy,GET,/.env,404,2026-09-18T18:14:32.960Z,,false,false,false,,,,,,false,,2026-09-18,Automated local experiment runner,
baseline-decoy-env-file-10,Evaluate source-bounded decoy reporting schema,Local loopback HTTP,Decoy,Atlas HTTP decoy pilot,1.0,Uninstrumented local application,baseline,decoy,GET,/.env,404,2026-09-18T18:14:32.961Z,,false,false,false,,,,,,false,,2026-09-18,Automated local experiment runner,
baseline-decoy-admin-backup-01,Evaluate source-bounded decoy reporting schema,Local loopback HTTP,Decoy,Atlas HTTP decoy pilot,1.0,Uninstrumented local application,baseline,decoy,GET,/admin-backup.zip,404,2026-09-18T18:14:32.962Z,,false,false,false,,,,,,false,,2026-09-18,Automated local experiment runner,
baseline-decoy-admin-backup-02,Evaluate source-bounded decoy reporting schema,Local loopback HTTP,Decoy,Atlas HTTP decoy pilot,1.0,Uninstrumented local application,baseline,decoy,GET,/admin-backup.zip,404,2026-09-18T18:14:32.974Z,,false,false,false,,,,,,false,,2026-09-18,Automated local experiment runner,
baseline-decoy-admin-backup-03,Evaluate source-bounded decoy reporting schema,Local loopback HTTP,Decoy,Atlas HTTP decoy pilot,1.0,Uninstrumented local application,baseline,decoy,GET,/admin-backup.zip,404,2026-09-18T18:14:32.990Z,,false,false,false,,,,,,false,,2026-09-18,Automated local experiment runner,
baseline-decoy-admin-backup-04,Evaluate source-bounded decoy reporting schema,Local loopback HTTP,Decoy,Atlas HTTP decoy pilot,1.0,Uninstrumented local application,baseline,decoy,GET,/admin-backup.zip,404,2026-09-18T18:14:32.990Z,,false,false,false,,,,,,false,,2026-09-18,Automated local experiment runner,
baseline-decoy-admin-backup-05,Evaluate source-bounded decoy reporting schema,Local loopback HTTP,Decoy,Atlas HTTP decoy pilot,1.0,Uninstrumented local application,baseline,decoy,GET,/admin-backup.zip,404,2026-09-18T18:14:33.005Z,,false,false,false,,,,,,false,,2026-09-18,Automated local experiment runner,
baseline-decoy-admin-backup-06,Evaluate source-bounded decoy reporting schema,Local loopback HTTP,Decoy,Atlas HTTP decoy pilot,1.0,Uninstrumented local application,baseline,decoy,GET,/admin-backup.zip,404,2026-09-18T18:14:33.005Z,,false,false,false,,,,,,false,,2026-09-18,Automated local experiment runner,
baseline-decoy-admin-backup-07,Evaluate source-bounded decoy reporting schema,Local loopback HTTP,Decoy,Atlas HTTP decoy pilot,1.0,Uninstrumented local application,baseline,decoy,GET,/admin-backup.zip,404,2026-09-18T18:14:33.022Z,,false,false,false,,,,,,false,,2026-09-18,Automated local experiment runner,
baseline-decoy-admin-backup-08,Evaluate source-bounded decoy reporting schema,Local loopback HTTP,Decoy,Atlas HTTP decoy pilot,1.0,Uninstrumented local application,baseline,decoy,GET,/admin-backup.zip,404,2026-09-18T18:14:33.038Z,,false,false,false,,,,,,false,,2026-09-18,Automated local experiment runner,
baseline-decoy-admin-backup-09,Evaluate source-bounded decoy reporting schema,Local loopback HTTP,Decoy,Atlas HTTP decoy pilot,1.0,Uninstrumented local application,baseline,decoy,GET,/admin-backup.zip,404,2026-09-18T18:14:33.053Z,,false,false,false,,,,,,false,,2026-09-18,Automated local experiment runner,
baseline-decoy-admin-backup-10,Evaluate source-bounded decoy reporting schema,Local loopback HTTP,Decoy,Atlas HTTP decoy pilot,1.0,Uninstrumented local application,baseline,decoy,GET,/admin-backup.zip,404,2026-09-18T18:14:33.069Z,,false,false,false,,,,,,false,,2026-09-18,Automated local experiment runner,
baseline-decoy-payroll-file-01,Evaluate source-bounded decoy reporting schema,Local loopback HTTP,Decoy,Atlas HTTP decoy pilot,1.0,Uninstrumented local application,baseline,decoy,GET,/finance/q4-payroll.csv,404,2026-09-18T18:14:33.083Z,,false,false,false,,,,,,false,,2026-09-18,Automated local experiment runner,
baseline-decoy-payroll-file-02,Evaluate source-bounded decoy reporting schema,Local loopback HTTP,Decoy,Atlas HTTP decoy pilot,1.0,Uninstrumented local application,baseline,decoy,GET,/finance/q4-payroll.csv,404,2026-09-18T18:14:33.101Z,,false,false,false,,,,,,false,,2026-09-18,Automated local experiment runner,
baseline-decoy-payroll-file-03,Evaluate source-bounded decoy reporting schema,Local loopback HTTP,Decoy,Atlas HTTP decoy pilot,1.0,Uninstrumented local application,baseline,decoy,GET,/finance/q4-payroll.csv,404,2026-09-18T18:14:33.117Z,,false,false,false,,,,,,false,,2026-09-18,Automated local experiment runner,
baseline-decoy-payroll-file-04,Evaluate source-bounded decoy reporting schema,Local loopback HTTP,Decoy,Atlas HTTP decoy pilot,1.0,Uninstrumented local application,baseline,decoy,GET,/finance/q4-payroll.csv,404,2026-09-18T18:14:33.132Z,,false,false,false,,,,,,false,,2026-09-18,Automated local experiment runner,
baseline-decoy-payroll-file-05,Evaluate source-bounded decoy reporting schema,Local loopback HTTP,Decoy,Atlas HTTP decoy pilot,1.0,Uninstrumented local application,baseline,decoy,GET,/finance/q4-payroll.csv,404,2026-09-18T18:14:33.147Z,,false,false,false,,,,,,false,,2026-09-18,Automated local experiment runner,
baseline-decoy-payroll-file-06,Evaluate source-bounded decoy reporting schema,Local loopback HTTP,Decoy,Atlas HTTP decoy pilot,1.0,Uninstrumented local application,baseline,decoy,GET,/finance/q4-payroll.csv,404,2026-09-18T18:14:33.147Z,,false,false,false,,,,,,false,,2026-09-18,Automated local experiment runner,
baseline-decoy-payroll-file-07,Evaluate source-bounded decoy reporting schema,Local loopback HTTP,Decoy,Atlas HTTP decoy pilot,1.0,Uninstrumented local application,baseline,decoy,GET,/finance/q4-payroll.csv,404,2026-09-18T18:14:33.160Z,,false,false,false,,,,,,false,,2026-09-18,Automated local experiment runner,
baseline-decoy-payroll-file-08,Evaluate source-bounded decoy reporting schema,Local loopback HTTP,Decoy,Atlas HTTP decoy pilot,1.0,Uninstrumented local application,baseline,decoy,GET,/finance/q4-payroll.csv,404,2026-09-18T18:14:33.178Z,,false,false,false,,,,,,false,,2026-09-18,Automated local experiment runner,
baseline-decoy-payroll-file-09,Evaluate source-bounded decoy reporting schema,Local loopback HTTP,Decoy,Atlas HTTP decoy pilot,1.0,Uninstrumented local application,baseline,decoy,GET,/finance/q4-payroll.csv,404,2026-09-18T18:14:33.181Z,,false,false,false,,,,,,false,,2026-09-18,Automated local experiment runner,
baseline-decoy-payroll-file-10,Evaluate source-bounded decoy reporting schema,Local loopback HTTP,Decoy,Atlas HTTP decoy pilot,1.0,Uninstrumented local application,baseline,decoy,GET,/finance/q4-payroll.csv,404,2026-09-18T18:14:33.198Z,,false,false,false,,,,,,false,,2026-09-18,Automated local experiment runner,
baseline-decoy-internal-token-01,Evaluate source-bounded decoy reporting schema,Local loopback HTTP,Decoy,Atlas HTTP decoy pilot,1.0,Uninstrumented local application,baseline,decoy,GET,/api/internal/token?key=atlas-decoy,404,2026-09-18T18:14:33.198Z,,false,false,false,,,,,,false,,2026-09-18,Automated local experiment runner,
baseline-decoy-internal-token-02,Evaluate source-bounded decoy reporting schema,Local loopback HTTP,Decoy,Atlas HTTP decoy pilot,1.0,Uninstrumented local application,baseline,decoy,GET,/api/internal/token?key=atlas-decoy,404,2026-09-18T18:14:33.214Z,,false,false,false,,,,,,false,,2026-09-18,Automated local experiment runner,
baseline-decoy-internal-token-03,Evaluate source-bounded decoy reporting schema,Local loopback HTTP,Decoy,Atlas HTTP decoy pilot,1.0,Uninstrumented local application,baseline,decoy,GET,/api/internal/token?key=atlas-decoy,404,2026-09-18T18:14:33.230Z,,false,false,false,,,,,,false,,2026-09-18,Automated local experiment runner,
baseline-decoy-internal-token-04,Evaluate source-bounded decoy reporting schema,Local loopback HTTP,Decoy,Atlas HTTP decoy pilot,1.0,Uninstrumented local application,baseline,decoy,GET,/api/internal/token?key=atlas-decoy,404,2026-09-18T18:14:33.242Z,,false,false,false,,,,,,false,,2026-09-18,Automated local experiment runner,
baseline-decoy-internal-token-05,Evaluate source-bounded decoy reporting schema,Local loopback HTTP,Decoy,Atlas HTTP decoy pilot,1.0,Uninstrumented local application,baseline,decoy,GET,/api/internal/token?key=atlas-decoy,404,2026-09-18T18:14:33.258Z,,false,false,false,,,,,,false,,2026-09-18,Automated local experiment runner,
baseline-decoy-internal-token-06,Evaluate source-bounded decoy reporting schema,Local loopback HTTP,Decoy,Atlas HTTP decoy pilot,1.0,Uninstrumented local application,baseline,decoy,GET,/api/internal/token?key=atlas-decoy,404,2026-09-18T18:14:33.273Z,,false,false,false,,,,,,false,,2026-09-18,Automated local experiment runner,
baseline-decoy-internal-token-07,Evaluate source-bounded decoy reporting schema,Local loopback HTTP,Decoy,Atlas HTTP decoy pilot,1.0,Uninstrumented local application,baseline,decoy,GET,/api/internal/token?key=atlas-decoy,404,2026-09-18T18:14:33.293Z,,false,false,false,,,,,,false,,2026-09-18,Automated local experiment runner,
baseline-decoy-internal-token-08,Evaluate source-bounded decoy reporting schema,Local loopback HTTP,Decoy,Atlas HTTP decoy pilot,1.0,Uninstrumented local application,baseline,decoy,GET,/api/internal/token?key=atlas-decoy,404,2026-09-18T18:14:33.309Z,,false,false,false,,,,,,false,,2026-09-18,Automated local experiment runner,
baseline-decoy-internal-token-09,Evaluate source-bounded decoy reporting schema,Local loopback HTTP,Decoy,Atlas HTTP decoy pilot,1.0,Uninstrumented local application,baseline,decoy,GET,/api/internal/token?key=atlas-decoy,404,2026-09-18T18:14:33.310Z,,false,false,false,,,,,,false,,2026-09-18,Automated local experiment runner,
baseline-decoy-internal-token-10,Evaluate source-bounded decoy reporting schema,Local loopback HTTP,Decoy,Atlas HTTP decoy pilot,1.0,Uninstrumented local application,baseline,decoy,GET,/api/internal/token?key=atlas-decoy,404,2026-09-18T18:14:33.326Z,,false,false,false,,,,,,false,,2026-09-18,Automated local experiment runner,
baseline-benign-home-01,Evaluate source-bounded decoy reporting schema,Local loopback HTTP,Decoy,Atlas HTTP decoy pilot,1.0,Uninstrumented local application,baseline,benign,GET,/,200,2026-09-18T18:14:33.342Z,,false,false,true,,,,,,false,,2026-09-18,Automated local experiment runner,
baseline-benign-home-02,Evaluate source-bounded decoy reporting schema,Local loopback HTTP,Decoy,Atlas HTTP decoy pilot,1.0,Uninstrumented local application,baseline,benign,GET,/,200,2026-09-18T18:14:33.357Z,,false,false,true,,,,,,false,,2026-09-18,Automated local experiment runner,
baseline-benign-home-03,Evaluate source-bounded decoy reporting schema,Local loopback HTTP,Decoy,Atlas HTTP decoy pilot,1.0,Uninstrumented local application,baseline,benign,GET,/,200,2026-09-18T18:14:33.372Z,,false,false,true,,,,,,false,,2026-09-18,Automated local experiment runner,
baseline-benign-home-04,Evaluate source-bounded decoy reporting schema,Local loopback HTTP,Decoy,Atlas HTTP decoy pilot,1.0,Uninstrumented local application,baseline,benign,GET,/,200,2026-09-18T18:14:33.387Z,,false,false,true,,,,,,false,,2026-09-18,Automated local experiment runner,
baseline-benign-home-05,Evaluate source-bounded decoy reporting schema,Local loopback HTTP,Decoy,Atlas HTTP decoy pilot,1.0,Uninstrumented local application,baseline,benign,GET,/,200,2026-09-18T18:14:33.404Z,,false,false,true,,,,,,false,,2026-09-18,Automated local experiment runner,
baseline-benign-home-06,Evaluate source-bounded decoy reporting schema,Local loopback HTTP,Decoy,Atlas HTTP decoy pilot,1.0,Uninstrumented local application,baseline,benign,GET,/,200,2026-09-18T18:14:33.419Z,,false,false,true,,,,,,false,,2026-09-18,Automated local experiment runner,
baseline-benign-home-07,Evaluate source-bounded decoy reporting schema,Local loopback HTTP,Decoy,Atlas HTTP decoy pilot,1.0,Uninstrumented local application,baseline,benign,GET,/,200,2026-09-18T18:14:33.426Z,,false,false,true,,,,,,false,,2026-09-18,Automated local experiment runner,
baseline-benign-home-08,Evaluate source-bounded decoy reporting schema,Local loopback HTTP,Decoy,Atlas HTTP decoy pilot,1.0,Uninstrumented local application,baseline,benign,GET,/,200,2026-09-18T18:14:33.442Z,,false,false,true,,,,,,false,,2026-09-18,Automated local experiment runner,
baseline-benign-home-09,Evaluate source-bounded decoy reporting schema,Local loopback HTTP,Decoy,Atlas HTTP decoy pilot,1.0,Uninstrumented local application,baseline,benign,GET,/,200,2026-09-18T18:14:33.453Z,,false,false,true,,,,,,false,,2026-09-18,Automated local experiment runner,
baseline-benign-home-10,Evaluate source-bounded decoy reporting schema,Local loopback HTTP,Decoy,Atlas HTTP decoy pilot,1.0,Uninstrumented local application,baseline,benign,GET,/,200,2026-09-18T18:14:33.468Z,,false,false,true,,,,,,false,,2026-09-18,Automated local experiment runner,
baseline-benign-health-01,Evaluate source-bounded decoy reporting schema,Local loopback HTTP,Decoy,Atlas HTTP decoy pilot,1.0,Uninstrumented local application,baseline,benign,GET,/health,200,2026-09-18T18:14:33.470Z,,false,false,true,,,,,,false,,2026-09-18,Automated local experiment runner,
baseline-benign-health-02,Evaluate source-bounded decoy reporting schema,Local loopback HTTP,Decoy,Atlas HTTP decoy pilot,1.0,Uninstrumented local application,baseline,benign,GET,/health,200,2026-09-18T18:14:33.486Z,,false,false,true,,,,,,false,,2026-09-18,Automated local experiment runner,
baseline-benign-health-03,Evaluate source-bounded decoy reporting schema,Local loopback HTTP,Decoy,Atlas HTTP decoy pilot,1.0,Uninstrumented local application,baseline,benign,GET,/health,200,2026-09-18T18:14:33.503Z,,false,false,true,,,,,,false,,2026-09-18,Automated local experiment runner,
baseline-benign-health-04,Evaluate source-bounded decoy reporting schema,Local loopback HTTP,Decoy,Atlas HTTP decoy pilot,1.0,Uninstrumented local application,baseline,benign,GET,/health,200,2026-09-18T18:14:33.517Z,,false,false,true,,,,,,false,,2026-09-18,Automated local experiment runner,
baseline-benign-health-05,Evaluate source-bounded decoy reporting schema,Local loopback HTTP,Decoy,Atlas HTTP decoy pilot,1.0,Uninstrumented local application,baseline,benign,GET,/health,200,2026-09-18T18:14:33.533Z,,false,false,true,,,,,,false,,2026-09-18,Automated local experiment runner,
baseline-benign-health-06,Evaluate source-bounded decoy reporting schema,Local loopback HTTP,Decoy,Atlas HTTP decoy pilot,1.0,Uninstrumented local application,baseline,benign,GET,/health,200,2026-09-18T18:14:33.548Z,,false,false,true,,,,,,false,,2026-09-18,Automated local experiment runner,
baseline-benign-health-07,Evaluate source-bounded decoy reporting schema,Local loopback HTTP,Decoy,Atlas HTTP decoy pilot,1.0,Uninstrumented local application,baseline,benign,GET,/health,200,2026-09-18T18:14:33.550Z,,false,false,true,,,,,,false,,2026-09-18,Automated local experiment runner,
baseline-benign-health-08,Evaluate source-bounded decoy reporting schema,Local loopback HTTP,Decoy,Atlas HTTP decoy pilot,1.0,Uninstrumented local application,baseline,benign,GET,/health,200,2026-09-18T18:14:33.560Z,,false,false,true,,,,,,false,,2026-09-18,Automated local experiment runner,
baseline-benign-health-09,Evaluate source-bounded decoy reporting schema,Local loopback HTTP,Decoy,Atlas HTTP decoy pilot,1.0,Uninstrumented local application,baseline,benign,GET,/health,200,2026-09-18T18:14:33.566Z,,false,false,true,,,,,,false,,2026-09-18,Automated local experiment runner,
baseline-benign-health-10,Evaluate source-bounded decoy reporting schema,Local loopback HTTP,Decoy,Atlas HTTP decoy pilot,1.0,Uninstrumented local application,baseline,benign,GET,/health,200,2026-09-18T18:14:33.582Z,,false,false,true,,,,,,false,,2026-09-18,Automated local experiment runner,
baseline-benign-robots-01,Evaluate source-bounded decoy reporting schema,Local loopback HTTP,Decoy,Atlas HTTP decoy pilot,1.0,Uninstrumented local application,baseline,benign,GET,/robots.txt,200,2026-09-18T18:14:33.598Z,,false,false,true,,,,,,false,,2026-09-18,Automated local experiment runner,
baseline-benign-robots-02,Evaluate source-bounded decoy reporting schema,Local loopback HTTP,Decoy,Atlas HTTP decoy pilot,1.0,Uninstrumented local application,baseline,benign,GET,/robots.txt,200,2026-09-18T18:14:33.614Z,,false,false,true,,,,,,false,,2026-09-18,Automated local experiment runner,
baseline-benign-robots-03,Evaluate source-bounded decoy reporting schema,Local loopback HTTP,Decoy,Atlas HTTP decoy pilot,1.0,Uninstrumented local application,baseline,benign,GET,/robots.txt,200,2026-09-18T18:14:33.629Z,,false,false,true,,,,,,false,,2026-09-18,Automated local experiment runner,
baseline-benign-robots-04,Evaluate source-bounded decoy reporting schema,Local loopback HTTP,Decoy,Atlas HTTP decoy pilot,1.0,Uninstrumented local application,baseline,benign,GET,/robots.txt,200,2026-09-18T18:14:33.643Z,,false,false,true,,,,,,false,,2026-09-18,Automated local experiment runner,
baseline-benign-robots-05,Evaluate source-bounded decoy reporting schema,Local loopback HTTP,Decoy,Atlas HTTP decoy pilot,1.0,Uninstrumented local application,baseline,benign,GET,/robots.txt,200,2026-09-18T18:14:33.660Z,,false,false,true,,,,,,false,,2026-09-18,Automated local experiment runner,
baseline-benign-robots-06,Evaluate source-bounded decoy reporting schema,Local loopback HTTP,Decoy,Atlas HTTP decoy pilot,1.0,Uninstrumented local application,baseline,benign,GET,/robots.txt,200,2026-09-18T18:14:33.675Z,,false,false,true,,,,,,false,,2026-09-18,Automated local experiment runner,
baseline-benign-robots-07,Evaluate source-bounded decoy reporting schema,Local loopback HTTP,Decoy,Atlas HTTP decoy pilot,1.0,Uninstrumented local application,baseline,benign,GET,/robots.txt,200,2026-09-18T18:14:33.690Z,,false,false,true,,,,,,false,,2026-09-18,Automated local experiment runner,
baseline-benign-robots-08,Evaluate source-bounded decoy reporting schema,Local loopback HTTP,Decoy,Atlas HTTP decoy pilot,1.0,Uninstrumented local application,baseline,benign,GET,/robots.txt,200,2026-09-18T18:14:33.708Z,,false,false,true,,,,,,false,,2026-09-18,Automated local experiment runner,
baseline-benign-robots-09,Evaluate source-bounded decoy reporting schema,Local loopback HTTP,Decoy,Atlas HTTP decoy pilot,1.0,Uninstrumented local application,baseline,benign,GET,/robots.txt,200,2026-09-18T18:14:33.712Z,,false,false,true,,,,,,false,,2026-09-18,Automated local experiment runner,
baseline-benign-robots-10,Evaluate source-bounded decoy reporting schema,Local loopback HTTP,Decoy,Atlas HTTP decoy pilot,1.0,Uninstrumented local application,baseline,benign,GET,/robots.txt,200,2026-09-18T18:14:33.724Z,,false,false,true,,,,,,false,,2026-09-18,Automated local experiment runner,
baseline-benign-near-match-01,Evaluate source-bounded decoy reporting schema,Local loopback HTTP,Decoy,Atlas HTTP decoy pilot,1.0,Uninstrumented local application,baseline,benign,GET,/admin-backup.zip.txt,404,2026-09-18T18:14:33.739Z,,false,false,true,,,,,,false,,2026-09-18,Automated local experiment runner,Negative control similar to a decoy route; exact pathname matching expected.
baseline-benign-near-match-02,Evaluate source-bounded decoy reporting schema,Local loopback HTTP,Decoy,Atlas HTTP decoy pilot,1.0,Uninstrumented local application,baseline,benign,GET,/admin-backup.zip.txt,404,2026-09-18T18:14:33.756Z,,false,false,true,,,,,,false,,2026-09-18,Automated local experiment runner,Negative control similar to a decoy route; exact pathname matching expected.
baseline-benign-near-match-03,Evaluate source-bounded decoy reporting schema,Local loopback HTTP,Decoy,Atlas HTTP decoy pilot,1.0,Uninstrumented local application,baseline,benign,GET,/admin-backup.zip.txt,404,2026-09-18T18:14:33.771Z,,false,false,true,,,,,,false,,2026-09-18,Automated local experiment runner,Negative control similar to a decoy route; exact pathname matching expected.
baseline-benign-near-match-04,Evaluate source-bounded decoy reporting schema,Local loopback HTTP,Decoy,Atlas HTTP decoy pilot,1.0,Uninstrumented local application,baseline,benign,GET,/admin-backup.zip.txt,404,2026-09-18T18:14:33.788Z,,false,false,true,,,,,,false,,2026-09-18,Automated local experiment runner,Negative control similar to a decoy route; exact pathname matching expected.
baseline-benign-near-match-05,Evaluate source-bounded decoy reporting schema,Local loopback HTTP,Decoy,Atlas HTTP decoy pilot,1.0,Uninstrumented local application,baseline,benign,GET,/admin-backup.zip.txt,404,2026-09-18T18:14:33.804Z,,false,false,true,,,,,,false,,2026-09-18,Automated local experiment runner,Negative control similar to a decoy route; exact pathname matching expected.
baseline-benign-near-match-06,Evaluate source-bounded decoy reporting schema,Local loopback HTTP,Decoy,Atlas HTTP decoy pilot,1.0,Uninstrumented local application,baseline,benign,GET,/admin-backup.zip.txt,404,2026-09-18T18:14:33.819Z,,false,false,true,,,,,,false,,2026-09-18,Automated local experiment runner,Negative control similar to a decoy route; exact pathname matching expected.
baseline-benign-near-match-07,Evaluate source-bounded decoy reporting schema,Local loopback HTTP,Decoy,Atlas HTTP decoy pilot,1.0,Uninstrumented local application,baseline,benign,GET,/admin-backup.zip.txt,404,2026-09-18T18:14:33.821Z,,false,false,true,,,,,,false,,2026-09-18,Automated local experiment runner,Negative control similar to a decoy route; exact pathname matching expected.
baseline-benign-near-match-08,Evaluate source-bounded decoy reporting schema,Local loopback HTTP,Decoy,Atlas HTTP decoy pilot,1.0,Uninstrumented local application,baseline,benign,GET,/admin-backup.zip.txt,404,2026-09-18T18:14:33.837Z,,false,false,true,,,,,,false,,2026-09-18,Automated local experiment runner,Negative control similar to a decoy route; exact pathname matching expected.
baseline-benign-near-match-09,Evaluate source-bounded decoy reporting schema,Local loopback HTTP,Decoy,Atlas HTTP decoy pilot,1.0,Uninstrumented local application,baseline,benign,GET,/admin-backup.zip.txt,404,2026-09-18T18:14:33.852Z,,false,false,true,,,,,,false,,2026-09-18,Automated local experiment runner,Negative control similar to a decoy route; exact pathname matching expected.
baseline-benign-near-match-10,Evaluate source-bounded decoy reporting schema,Local loopback HTTP,Decoy,Atlas HTTP decoy pilot,1.0,Uninstrumented local application,baseline,benign,GET,/admin-backup.zip.txt,404,2026-09-18T18:14:33.868Z,,false,false,true,,,,,,false,,2026-09-18,Automated local experiment runner,Negative control similar to a decoy route; exact pathname matching expected.
intervention-decoy-env-file-01,Evaluate source-bounded decoy reporting schema,Local loopback HTTP,Decoy,Atlas HTTP decoy pilot,1.0,Baseline plus exact instrumented decoy routes,intervention,decoy,GET,/.env,200,2026-09-18T18:14:33.886Z,2026-09-18T18:14:33.890Z,true,true,false,,4.067,,,,false,,2026-09-18,Automated local experiment runner,
intervention-decoy-env-file-02,Evaluate source-bounded decoy reporting schema,Local loopback HTTP,Decoy,Atlas HTTP decoy pilot,1.0,Baseline plus exact instrumented decoy routes,intervention,decoy,GET,/.env,200,2026-09-18T18:14:33.890Z,2026-09-18T18:14:33.891Z,true,true,false,,0.889,,,,false,,2026-09-18,Automated local experiment runner,
intervention-decoy-env-file-03,Evaluate source-bounded decoy reporting schema,Local loopback HTTP,Decoy,Atlas HTTP decoy pilot,1.0,Baseline plus exact instrumented decoy routes,intervention,decoy,GET,/.env,200,2026-09-18T18:14:33.891Z,2026-09-18T18:14:33.899Z,true,true,false,,7.565,,,,false,,2026-09-18,Automated local experiment runner,
intervention-decoy-env-file-04,Evaluate source-bounded decoy reporting schema,Local loopback HTTP,Decoy,Atlas HTTP decoy pilot,1.0,Baseline plus exact instrumented decoy routes,intervention,decoy,GET,/.env,200,2026-09-18T18:14:33.899Z,2026-09-18T18:14:33.914Z,true,true,false,,14.452,,,,false,,2026-09-18,Automated local experiment runner,
intervention-decoy-env-file-05,Evaluate source-bounded decoy reporting schema,Local loopback HTTP,Decoy,Atlas HTTP decoy pilot,1.0,Baseline plus exact instrumented decoy routes,intervention,decoy,GET,/.env,200,2026-09-18T18:14:33.914Z,2026-09-18T18:14:33.915Z,true,true,false,,1.091,,,,false,,2026-09-18,Automated local experiment runner,
intervention-decoy-env-file-06,Evaluate source-bounded decoy reporting schema,Local loopback HTTP,Decoy,Atlas HTTP decoy pilot,1.0,Baseline plus exact instrumented decoy routes,intervention,decoy,GET,/.env,200,2026-09-18T18:14:33.916Z,2026-09-18T18:14:33.917Z,true,true,false,,1.356,,,,false,,2026-09-18,Automated local experiment runner,
intervention-decoy-env-file-07,Evaluate source-bounded decoy reporting schema,Local loopback HTTP,Decoy,Atlas HTTP decoy pilot,1.0,Baseline plus exact instrumented decoy routes,intervention,decoy,GET,/.env,200,2026-09-18T18:14:33.917Z,2026-09-18T18:14:33.930Z,true,true,false,,12.88,,,,false,,2026-09-18,Automated local experiment runner,
intervention-decoy-env-file-08,Evaluate source-bounded decoy reporting schema,Local loopback HTTP,Decoy,Atlas HTTP decoy pilot,1.0,Baseline plus exact instrumented decoy routes,intervention,decoy,GET,/.env,200,2026-09-18T18:14:33.930Z,2026-09-18T18:14:33.946Z,true,true,false,,15.489,,,,false,,2026-09-18,Automated local experiment runner,
intervention-decoy-env-file-09,Evaluate source-bounded decoy reporting schema,Local loopback HTTP,Decoy,Atlas HTTP decoy pilot,1.0,Baseline plus exact instrumented decoy routes,intervention,decoy,GET,/.env,200,2026-09-18T18:14:33.946Z,2026-09-18T18:14:33.949Z,true,true,false,,2.573,,,,false,,2026-09-18,Automated local experiment runner,
intervention-decoy-env-file-10,Evaluate source-bounded decoy reporting schema,Local loopback HTTP,Decoy,Atlas HTTP decoy pilot,1.0,Baseline plus exact instrumented decoy routes,intervention,decoy,GET,/.env,200,2026-09-18T18:14:33.949Z,2026-09-18T18:14:33.965Z,true,true,false,,15.63,,,,false,,2026-09-18,Automated local experiment runner,
intervention-decoy-admin-backup-01,Evaluate source-bounded decoy reporting schema,Local loopback HTTP,Decoy,Atlas HTTP decoy pilot,1.0,Baseline plus exact instrumented decoy routes,intervention,decoy,GET,/admin-backup.zip,200,2026-09-18T18:14:33.965Z,2026-09-18T18:14:33.980Z,true,true,false,,14.852,,,,false,,2026-09-18,Automated local experiment runner,
intervention-decoy-admin-backup-02,Evaluate source-bounded decoy reporting schema,Local loopback HTTP,Decoy,Atlas HTTP decoy pilot,1.0,Baseline plus exact instrumented decoy routes,intervention,decoy,GET,/admin-backup.zip,200,2026-09-18T18:14:33.981Z,2026-09-18T18:14:33.996Z,true,true,false,,14.688,,,,false,,2026-09-18,Automated local experiment runner,
intervention-decoy-admin-backup-03,Evaluate source-bounded decoy reporting schema,Local loopback HTTP,Decoy,Atlas HTTP decoy pilot,1.0,Baseline plus exact instrumented decoy routes,intervention,decoy,GET,/admin-backup.zip,200,2026-09-18T18:14:33.996Z,2026-09-18T18:14:34.011Z,true,true,false,,15.024,,,,false,,2026-09-18,Automated local experiment runner,
intervention-decoy-admin-backup-04,Evaluate source-bounded decoy reporting schema,Local loopback HTTP,Decoy,Atlas HTTP decoy pilot,1.0,Baseline plus exact instrumented decoy routes,intervention,decoy,GET,/admin-backup.zip,200,2026-09-18T18:14:34.012Z,2026-09-18T18:14:34.028Z,true,true,false,,15.316,,,,false,,2026-09-18,Automated local experiment runner,
intervention-decoy-admin-backup-05,Evaluate source-bounded decoy reporting schema,Local loopback HTTP,Decoy,Atlas HTTP decoy pilot,1.0,Baseline plus exact instrumented decoy routes,intervention,decoy,GET,/admin-backup.zip,200,2026-09-18T18:14:34.028Z,2026-09-18T18:14:34.043Z,true,true,false,,14.586,,,,false,,2026-09-18,Automated local experiment runner,
intervention-decoy-admin-backup-06,Evaluate source-bounded decoy reporting schema,Local loopback HTTP,Decoy,Atlas HTTP decoy pilot,1.0,Baseline plus exact instrumented decoy routes,intervention,decoy,GET,/admin-backup.zip,200,2026-09-18T18:14:34.043Z,2026-09-18T18:14:34.059Z,true,true,false,,15.407,,,,false,,2026-09-18,Automated local experiment runner,
intervention-decoy-admin-backup-07,Evaluate source-bounded decoy reporting schema,Local loopback HTTP,Decoy,Atlas HTTP decoy pilot,1.0,Baseline plus exact instrumented decoy routes,intervention,decoy,GET,/admin-backup.zip,200,2026-09-18T18:14:34.059Z,2026-09-18T18:14:34.075Z,true,true,false,,15.746,,,,false,,2026-09-18,Automated local experiment runner,
intervention-decoy-admin-backup-08,Evaluate source-bounded decoy reporting schema,Local loopback HTTP,Decoy,Atlas HTTP decoy pilot,1.0,Baseline plus exact instrumented decoy routes,intervention,decoy,GET,/admin-backup.zip,200,2026-09-18T18:14:34.075Z,2026-09-18T18:14:34.092Z,true,true,false,,16.931,,,,false,,2026-09-18,Automated local experiment runner,
intervention-decoy-admin-backup-09,Evaluate source-bounded decoy reporting schema,Local loopback HTTP,Decoy,Atlas HTTP decoy pilot,1.0,Baseline plus exact instrumented decoy routes,intervention,decoy,GET,/admin-backup.zip,200,2026-09-18T18:14:34.093Z,2026-09-18T18:14:34.108Z,true,true,false,,14.94,,,,false,,2026-09-18,Automated local experiment runner,
intervention-decoy-admin-backup-10,Evaluate source-bounded decoy reporting schema,Local loopback HTTP,Decoy,Atlas HTTP decoy pilot,1.0,Baseline plus exact instrumented decoy routes,intervention,decoy,GET,/admin-backup.zip,200,2026-09-18T18:14:34.108Z,2026-09-18T18:14:34.126Z,true,true,false,,17.483,,,,false,,2026-09-18,Automated local experiment runner,
intervention-decoy-payroll-file-01,Evaluate source-bounded decoy reporting schema,Local loopback HTTP,Decoy,Atlas HTTP decoy pilot,1.0,Baseline plus exact instrumented decoy routes,intervention,decoy,GET,/finance/q4-payroll.csv,200,2026-09-18T18:14:34.126Z,2026-09-18T18:14:34.141Z,true,true,false,,14.939,,,,false,,2026-09-18,Automated local experiment runner,
intervention-decoy-payroll-file-02,Evaluate source-bounded decoy reporting schema,Local loopback HTTP,Decoy,Atlas HTTP decoy pilot,1.0,Baseline plus exact instrumented decoy routes,intervention,decoy,GET,/finance/q4-payroll.csv,200,2026-09-18T18:14:34.142Z,2026-09-18T18:14:34.157Z,true,true,false,,15.476,,,,false,,2026-09-18,Automated local experiment runner,
intervention-decoy-payroll-file-03,Evaluate source-bounded decoy reporting schema,Local loopback HTTP,Decoy,Atlas HTTP decoy pilot,1.0,Baseline plus exact instrumented decoy routes,intervention,decoy,GET,/finance/q4-payroll.csv,200,2026-09-18T18:14:34.157Z,2026-09-18T18:14:34.173Z,true,true,false,,15.66,,,,false,,2026-09-18,Automated local experiment runner,
intervention-decoy-payroll-file-04,Evaluate source-bounded decoy reporting schema,Local loopback HTTP,Decoy,Atlas HTTP decoy pilot,1.0,Baseline plus exact instrumented decoy routes,intervention,decoy,GET,/finance/q4-payroll.csv,200,2026-09-18T18:14:34.174Z,2026-09-18T18:14:34.189Z,true,true,false,,14.852,,,,false,,2026-09-18,Automated local experiment runner,
intervention-decoy-payroll-file-05,Evaluate source-bounded decoy reporting schema,Local loopback HTTP,Decoy,Atlas HTTP decoy pilot,1.0,Baseline plus exact instrumented decoy routes,intervention,decoy,GET,/finance/q4-payroll.csv,200,2026-09-18T18:14:34.189Z,2026-09-18T18:14:34.205Z,true,true,false,,15.778,,,,false,,2026-09-18,Automated local experiment runner,
intervention-decoy-payroll-file-06,Evaluate source-bounded decoy reporting schema,Local loopback HTTP,Decoy,Atlas HTTP decoy pilot,1.0,Baseline plus exact instrumented decoy routes,intervention,decoy,GET,/finance/q4-payroll.csv,200,2026-09-18T18:14:34.206Z,2026-09-18T18:14:34.220Z,true,true,false,,14.484,,,,false,,2026-09-18,Automated local experiment runner,
intervention-decoy-payroll-file-07,Evaluate source-bounded decoy reporting schema,Local loopback HTTP,Decoy,Atlas HTTP decoy pilot,1.0,Baseline plus exact instrumented decoy routes,intervention,decoy,GET,/finance/q4-payroll.csv,200,2026-09-18T18:14:34.221Z,2026-09-18T18:14:34.221Z,true,true,false,,0.393,,,,false,,2026-09-18,Automated local experiment runner,
intervention-decoy-payroll-file-08,Evaluate source-bounded decoy reporting schema,Local loopback HTTP,Decoy,Atlas HTTP decoy pilot,1.0,Baseline plus exact instrumented decoy routes,intervention,decoy,GET,/finance/q4-payroll.csv,200,2026-09-18T18:14:34.221Z,2026-09-18T18:14:34.237Z,true,true,false,,15.738,,,,false,,2026-09-18,Automated local experiment runner,
intervention-decoy-payroll-file-09,Evaluate source-bounded decoy reporting schema,Local loopback HTTP,Decoy,Atlas HTTP decoy pilot,1.0,Baseline plus exact instrumented decoy routes,intervention,decoy,GET,/finance/q4-payroll.csv,200,2026-09-18T18:14:34.237Z,2026-09-18T18:14:34.251Z,true,true,false,,13.933,,,,false,,2026-09-18,Automated local experiment runner,
intervention-decoy-payroll-file-10,Evaluate source-bounded decoy reporting schema,Local loopback HTTP,Decoy,Atlas HTTP decoy pilot,1.0,Baseline plus exact instrumented decoy routes,intervention,decoy,GET,/finance/q4-payroll.csv,200,2026-09-18T18:14:34.252Z,2026-09-18T18:14:34.252Z,true,true,false,,0.222,,,,false,,2026-09-18,Automated local experiment runner,
intervention-decoy-internal-token-01,Evaluate source-bounded decoy reporting schema,Local loopback HTTP,Decoy,Atlas HTTP decoy pilot,1.0,Baseline plus exact instrumented decoy routes,intervention,decoy,GET,/api/internal/token?key=atlas-decoy,200,2026-09-18T18:14:34.252Z,2026-09-18T18:14:34.267Z,true,true,false,,14.889,,,,false,,2026-09-18,Automated local experiment runner,
intervention-decoy-internal-token-02,Evaluate source-bounded decoy reporting schema,Local loopback HTTP,Decoy,Atlas HTTP decoy pilot,1.0,Baseline plus exact instrumented decoy routes,intervention,decoy,GET,/api/internal/token?key=atlas-decoy,200,2026-09-18T18:14:34.267Z,2026-09-18T18:14:34.270Z,true,true,false,,2.392,,,,false,,2026-09-18,Automated local experiment runner,
intervention-decoy-internal-token-03,Evaluate source-bounded decoy reporting schema,Local loopback HTTP,Decoy,Atlas HTTP decoy pilot,1.0,Baseline plus exact instrumented decoy routes,intervention,decoy,GET,/api/internal/token?key=atlas-decoy,200,2026-09-18T18:14:34.270Z,2026-09-18T18:14:34.286Z,true,true,false,,15.902,,,,false,,2026-09-18,Automated local experiment runner,
intervention-decoy-internal-token-04,Evaluate source-bounded decoy reporting schema,Local loopback HTTP,Decoy,Atlas HTTP decoy pilot,1.0,Baseline plus exact instrumented decoy routes,intervention,decoy,GET,/api/internal/token?key=atlas-decoy,200,2026-09-18T18:14:34.286Z,2026-09-18T18:14:34.301Z,true,true,false,,15.073,,,,false,,2026-09-18,Automated local experiment runner,
intervention-decoy-internal-token-05,Evaluate source-bounded decoy reporting schema,Local loopback HTTP,Decoy,Atlas HTTP decoy pilot,1.0,Baseline plus exact instrumented decoy routes,intervention,decoy,GET,/api/internal/token?key=atlas-decoy,200,2026-09-18T18:14:34.302Z,2026-09-18T18:14:34.315Z,true,true,false,,13.079,,,,false,,2026-09-18,Automated local experiment runner,
intervention-decoy-internal-token-06,Evaluate source-bounded decoy reporting schema,Local loopback HTTP,Decoy,Atlas HTTP decoy pilot,1.0,Baseline plus exact instrumented decoy routes,intervention,decoy,GET,/api/internal/token?key=atlas-decoy,200,2026-09-18T18:14:34.315Z,2026-09-18T18:14:34.332Z,true,true,false,,17.141,,,,false,,2026-09-18,Automated local experiment runner,
intervention-decoy-internal-token-07,Evaluate source-bounded decoy reporting schema,Local loopback HTTP,Decoy,Atlas HTTP decoy pilot,1.0,Baseline plus exact instrumented decoy routes,intervention,decoy,GET,/api/internal/token?key=atlas-decoy,200,2026-09-18T18:14:34.333Z,2026-09-18T18:14:34.347Z,true,true,false,,14.124,,,,false,,2026-09-18,Automated local experiment runner,
intervention-decoy-internal-token-08,Evaluate source-bounded decoy reporting schema,Local loopback HTTP,Decoy,Atlas HTTP decoy pilot,1.0,Baseline plus exact instrumented decoy routes,intervention,decoy,GET,/api/internal/token?key=atlas-decoy,200,2026-09-18T18:14:34.347Z,2026-09-18T18:14:34.364Z,true,true,false,,17.022,,,,false,,2026-09-18,Automated local experiment runner,
intervention-decoy-internal-token-09,Evaluate source-bounded decoy reporting schema,Local loopback HTTP,Decoy,Atlas HTTP decoy pilot,1.0,Baseline plus exact instrumented decoy routes,intervention,decoy,GET,/api/internal/token?key=atlas-decoy,200,2026-09-18T18:14:34.365Z,2026-09-18T18:14:34.380Z,true,true,false,,15.153,,,,false,,2026-09-18,Automated local experiment runner,
intervention-decoy-internal-token-10,Evaluate source-bounded decoy reporting schema,Local loopback HTTP,Decoy,Atlas HTTP decoy pilot,1.0,Baseline plus exact instrumented decoy routes,intervention,decoy,GET,/api/internal/token?key=atlas-decoy,200,2026-09-18T18:14:34.380Z,2026-09-18T18:14:34.396Z,true,true,false,,16.172,,,,false,,2026-09-18,Automated local experiment runner,
intervention-benign-home-01,Evaluate source-bounded decoy reporting schema,Local loopback HTTP,Decoy,Atlas HTTP decoy pilot,1.0,Baseline plus exact instrumented decoy routes,intervention,benign,GET,/,200,2026-09-18T18:14:34.397Z,,false,false,true,,,,,,false,,2026-09-18,Automated local experiment runner,
intervention-benign-home-02,Evaluate source-bounded decoy reporting schema,Local loopback HTTP,Decoy,Atlas HTTP decoy pilot,1.0,Baseline plus exact instrumented decoy routes,intervention,benign,GET,/,200,2026-09-18T18:14:34.398Z,,false,false,true,,,,,,false,,2026-09-18,Automated local experiment runner,
intervention-benign-home-03,Evaluate source-bounded decoy reporting schema,Local loopback HTTP,Decoy,Atlas HTTP decoy pilot,1.0,Baseline plus exact instrumented decoy routes,intervention,benign,GET,/,200,2026-09-18T18:14:34.415Z,,false,false,true,,,,,,false,,2026-09-18,Automated local experiment runner,
intervention-benign-home-04,Evaluate source-bounded decoy reporting schema,Local loopback HTTP,Decoy,Atlas HTTP decoy pilot,1.0,Baseline plus exact instrumented decoy routes,intervention,benign,GET,/,200,2026-09-18T18:14:34.422Z,,false,false,true,,,,,,false,,2026-09-18,Automated local experiment runner,
intervention-benign-home-05,Evaluate source-bounded decoy reporting schema,Local loopback HTTP,Decoy,Atlas HTTP decoy pilot,1.0,Baseline plus exact instrumented decoy routes,intervention,benign,GET,/,200,2026-09-18T18:14:34.438Z,,false,false,true,,,,,,false,,2026-09-18,Automated local experiment runner,
intervention-benign-home-06,Evaluate source-bounded decoy reporting schema,Local loopback HTTP,Decoy,Atlas HTTP decoy pilot,1.0,Baseline plus exact instrumented decoy routes,intervention,benign,GET,/,200,2026-09-18T18:14:34.439Z,,false,false,true,,,,,,false,,2026-09-18,Automated local experiment runner,
intervention-benign-home-07,Evaluate source-bounded decoy reporting schema,Local loopback HTTP,Decoy,Atlas HTTP decoy pilot,1.0,Baseline plus exact instrumented decoy routes,intervention,benign,GET,/,200,2026-09-18T18:14:34.443Z,,false,false,true,,,,,,false,,2026-09-18,Automated local experiment runner,
intervention-benign-home-08,Evaluate source-bounded decoy reporting schema,Local loopback HTTP,Decoy,Atlas HTTP decoy pilot,1.0,Baseline plus exact instrumented decoy routes,intervention,benign,GET,/,200,2026-09-18T18:14:34.460Z,,false,false,true,,,,,,false,,2026-09-18,Automated local experiment runner,
intervention-benign-home-09,Evaluate source-bounded decoy reporting schema,Local loopback HTTP,Decoy,Atlas HTTP decoy pilot,1.0,Baseline plus exact instrumented decoy routes,intervention,benign,GET,/,200,2026-09-18T18:14:34.475Z,,false,false,true,,,,,,false,,2026-09-18,Automated local experiment runner,
intervention-benign-home-10,Evaluate source-bounded decoy reporting schema,Local loopback HTTP,Decoy,Atlas HTTP decoy pilot,1.0,Baseline plus exact instrumented decoy routes,intervention,benign,GET,/,200,2026-09-18T18:14:34.493Z,,false,false,true,,,,,,false,,2026-09-18,Automated local experiment runner,
intervention-benign-health-01,Evaluate source-bounded decoy reporting schema,Local loopback HTTP,Decoy,Atlas HTTP decoy pilot,1.0,Baseline plus exact instrumented decoy routes,intervention,benign,GET,/health,200,2026-09-18T18:14:34.506Z,,false,false,true,,,,,,false,,2026-09-18,Automated local experiment runner,
intervention-benign-health-02,Evaluate source-bounded decoy reporting schema,Local loopback HTTP,Decoy,Atlas HTTP decoy pilot,1.0,Baseline plus exact instrumented decoy routes,intervention,benign,GET,/health,200,2026-09-18T18:14:34.524Z,,false,false,true,,,,,,false,,2026-09-18,Automated local experiment runner,
intervention-benign-health-03,Evaluate source-bounded decoy reporting schema,Local loopback HTTP,Decoy,Atlas HTTP decoy pilot,1.0,Baseline plus exact instrumented decoy routes,intervention,benign,GET,/health,200,2026-09-18T18:14:34.539Z,,false,false,true,,,,,,false,,2026-09-18,Automated local experiment runner,
intervention-benign-health-04,Evaluate source-bounded decoy reporting schema,Local loopback HTTP,Decoy,Atlas HTTP decoy pilot,1.0,Baseline plus exact instrumented decoy routes,intervention,benign,GET,/health,200,2026-09-18T18:14:34.556Z,,false,false,true,,,,,,false,,2026-09-18,Automated local experiment runner,
intervention-benign-health-05,Evaluate source-bounded decoy reporting schema,Local loopback HTTP,Decoy,Atlas HTTP decoy pilot,1.0,Baseline plus exact instrumented decoy routes,intervention,benign,GET,/health,200,2026-09-18T18:14:34.561Z,,false,false,true,,,,,,false,,2026-09-18,Automated local experiment runner,
intervention-benign-health-06,Evaluate source-bounded decoy reporting schema,Local loopback HTTP,Decoy,Atlas HTTP decoy pilot,1.0,Baseline plus exact instrumented decoy routes,intervention,benign,GET,/health,200,2026-09-18T18:14:34.569Z,,false,false,true,,,,,,false,,2026-09-18,Automated local experiment runner,
intervention-benign-health-07,Evaluate source-bounded decoy reporting schema,Local loopback HTTP,Decoy,Atlas HTTP decoy pilot,1.0,Baseline plus exact instrumented decoy routes,intervention,benign,GET,/health,200,2026-09-18T18:14:34.587Z,,false,false,true,,,,,,false,,2026-09-18,Automated local experiment runner,
intervention-benign-health-08,Evaluate source-bounded decoy reporting schema,Local loopback HTTP,Decoy,Atlas HTTP decoy pilot,1.0,Baseline plus exact instrumented decoy routes,intervention,benign,GET,/health,200,2026-09-18T18:14:34.603Z,,false,false,true,,,,,,false,,2026-09-18,Automated local experiment runner,
intervention-benign-health-09,Evaluate source-bounded decoy reporting schema,Local loopback HTTP,Decoy,Atlas HTTP decoy pilot,1.0,Baseline plus exact instrumented decoy routes,intervention,benign,GET,/health,200,2026-09-18T18:14:34.618Z,,false,false,true,,,,,,false,,2026-09-18,Automated local experiment runner,
intervention-benign-health-10,Evaluate source-bounded decoy reporting schema,Local loopback HTTP,Decoy,Atlas HTTP decoy pilot,1.0,Baseline plus exact instrumented decoy routes,intervention,benign,GET,/health,200,2026-09-18T18:14:34.621Z,,false,false,true,,,,,,false,,2026-09-18,Automated local experiment runner,
intervention-benign-robots-01,Evaluate source-bounded decoy reporting schema,Local loopback HTTP,Decoy,Atlas HTTP decoy pilot,1.0,Baseline plus exact instrumented decoy routes,intervention,benign,GET,/robots.txt,200,2026-09-18T18:14:34.636Z,,false,false,true,,,,,,false,,2026-09-18,Automated local experiment runner,
intervention-benign-robots-02,Evaluate source-bounded decoy reporting schema,Local loopback HTTP,Decoy,Atlas HTTP decoy pilot,1.0,Baseline plus exact instrumented decoy routes,intervention,benign,GET,/robots.txt,200,2026-09-18T18:14:34.651Z,,false,false,true,,,,,,false,,2026-09-18,Automated local experiment runner,
intervention-benign-robots-03,Evaluate source-bounded decoy reporting schema,Local loopback HTTP,Decoy,Atlas HTTP decoy pilot,1.0,Baseline plus exact instrumented decoy routes,intervention,benign,GET,/robots.txt,200,2026-09-18T18:14:34.667Z,,false,false,true,,,,,,false,,2026-09-18,Automated local experiment runner,
intervention-benign-robots-04,Evaluate source-bounded decoy reporting schema,Local loopback HTTP,Decoy,Atlas HTTP decoy pilot,1.0,Baseline plus exact instrumented decoy routes,intervention,benign,GET,/robots.txt,200,2026-09-18T18:14:34.679Z,,false,false,true,,,,,,false,,2026-09-18,Automated local experiment runner,
intervention-benign-robots-05,Evaluate source-bounded decoy reporting schema,Local loopback HTTP,Decoy,Atlas HTTP decoy pilot,1.0,Baseline plus exact instrumented decoy routes,intervention,benign,GET,/robots.txt,200,2026-09-18T18:14:34.682Z,,false,false,true,,,,,,false,,2026-09-18,Automated local experiment runner,
intervention-benign-robots-06,Evaluate source-bounded decoy reporting schema,Local loopback HTTP,Decoy,Atlas HTTP decoy pilot,1.0,Baseline plus exact instrumented decoy routes,intervention,benign,GET,/robots.txt,200,2026-09-18T18:14:34.686Z,,false,false,true,,,,,,false,,2026-09-18,Automated local experiment runner,
intervention-benign-robots-07,Evaluate source-bounded decoy reporting schema,Local loopback HTTP,Decoy,Atlas HTTP decoy pilot,1.0,Baseline plus exact instrumented decoy routes,intervention,benign,GET,/robots.txt,200,2026-09-18T18:14:34.701Z,,false,false,true,,,,,,false,,2026-09-18,Automated local experiment runner,
intervention-benign-robots-08,Evaluate source-bounded decoy reporting schema,Local loopback HTTP,Decoy,Atlas HTTP decoy pilot,1.0,Baseline plus exact instrumented decoy routes,intervention,benign,GET,/robots.txt,200,2026-09-18T18:14:34.714Z,,false,false,true,,,,,,false,,2026-09-18,Automated local experiment runner,
intervention-benign-robots-09,Evaluate source-bounded decoy reporting schema,Local loopback HTTP,Decoy,Atlas HTTP decoy pilot,1.0,Baseline plus exact instrumented decoy routes,intervention,benign,GET,/robots.txt,200,2026-09-18T18:14:34.733Z,,false,false,true,,,,,,false,,2026-09-18,Automated local experiment runner,
intervention-benign-robots-10,Evaluate source-bounded decoy reporting schema,Local loopback HTTP,Decoy,Atlas HTTP decoy pilot,1.0,Baseline plus exact instrumented decoy routes,intervention,benign,GET,/robots.txt,200,2026-09-18T18:14:34.744Z,,false,false,true,,,,,,false,,2026-09-18,Automated local experiment runner,
intervention-benign-near-match-01,Evaluate source-bounded decoy reporting schema,Local loopback HTTP,Decoy,Atlas HTTP decoy pilot,1.0,Baseline plus exact instrumented decoy routes,intervention,benign,GET,/admin-backup.zip.txt,404,2026-09-18T18:14:34.748Z,,false,false,true,,,,,,false,,2026-09-18,Automated local experiment runner,Negative control similar to a decoy route; exact pathname matching expected.
intervention-benign-near-match-02,Evaluate source-bounded decoy reporting schema,Local loopback HTTP,Decoy,Atlas HTTP decoy pilot,1.0,Baseline plus exact instrumented decoy routes,intervention,benign,GET,/admin-backup.zip.txt,404,2026-09-18T18:14:34.754Z,,false,false,true,,,,,,false,,2026-09-18,Automated local experiment runner,Negative control similar to a decoy route; exact pathname matching expected.
intervention-benign-near-match-03,Evaluate source-bounded decoy reporting schema,Local loopback HTTP,Decoy,Atlas HTTP decoy pilot,1.0,Baseline plus exact instrumented decoy routes,intervention,benign,GET,/admin-backup.zip.txt,404,2026-09-18T18:14:34.756Z,,false,false,true,,,,,,false,,2026-09-18,Automated local experiment runner,Negative control similar to a decoy route; exact pathname matching expected.
intervention-benign-near-match-04,Evaluate source-bounded decoy reporting schema,Local loopback HTTP,Decoy,Atlas HTTP decoy pilot,1.0,Baseline plus exact instrumented decoy routes,intervention,benign,GET,/admin-backup.zip.txt,404,2026-09-18T18:14:34.771Z,,false,false,true,,,,,,false,,2026-09-18,Automated local experiment runner,Negative control similar to a decoy route; exact pathname matching expected.
intervention-benign-near-match-05,Evaluate source-bounded decoy reporting schema,Local loopback HTTP,Decoy,Atlas HTTP decoy pilot,1.0,Baseline plus exact instrumented decoy routes,intervention,benign,GET,/admin-backup.zip.txt,404,2026-09-18T18:14:34.779Z,,false,false,true,,,,,,false,,2026-09-18,Automated local experiment runner,Negative control similar to a decoy route; exact pathname matching expected.
intervention-benign-near-match-06,Evaluate source-bounded decoy reporting schema,Local loopback HTTP,Decoy,Atlas HTTP decoy pilot,1.0,Baseline plus exact instrumented decoy routes,intervention,benign,GET,/admin-backup.zip.txt,404,2026-09-18T18:14:34.795Z,,false,false,true,,,,,,false,,2026-09-18,Automated local experiment runner,Negative control similar to a decoy route; exact pathname matching expected.
intervention-benign-near-match-07,Evaluate source-bounded decoy reporting schema,Local loopback HTTP,Decoy,Atlas HTTP decoy pilot,1.0,Baseline plus exact instrumented decoy routes,intervention,benign,GET,/admin-backup.zip.txt,404,2026-09-18T18:14:34.805Z,,false,false,true,,,,,,false,,2026-09-18,Automated local experiment runner,Negative control similar to a decoy route; exact pathname matching expected.
intervention-benign-near-match-08,Evaluate source-bounded decoy reporting schema,Local loopback HTTP,Decoy,Atlas HTTP decoy pilot,1.0,Baseline plus exact instrumented decoy routes,intervention,benign,GET,/admin-backup.zip.txt,404,2026-09-18T18:14:34.820Z,,false,false,true,,,,,,false,,2026-09-18,Automated local experiment runner,Negative control similar to a decoy route; exact pathname matching expected.
intervention-benign-near-match-09,Evaluate source-bounded decoy reporting schema,Local loopback HTTP,Decoy,Atlas HTTP decoy pilot,1.0,Baseline plus exact instrumented decoy routes,intervention,benign,GET,/admin-backup.zip.txt,404,2026-09-18T18:14:34.836Z,,false,false,true,,,,,,false,,2026-09-18,Automated local experiment runner,Negative control similar to a decoy route; exact pathname matching expected.
intervention-benign-near-match-10,Evaluate source-bounded decoy reporting schema,Local loopback HTTP,Decoy,Atlas HTTP decoy pilot,1.0,Baseline plus exact instrumented decoy routes,intervention,benign,GET,/admin-backup.zip.txt,404,2026-09-18T18:14:34.842Z,,false,false,true,,,,,,false,,2026-09-18,Automated local experiment runner,Negative control similar to a decoy route; exact pathname matching expected.
