value,count,share_of_records
github.com,101,0.5316
doi.org,28,0.1474
arxiv.org,12,0.0632
zenodo.org,8,0.0421
acalvio.com,5,0.0263
proofpoint.com,3,0.0158
countercraftsec.com,2,0.0105
fidelissecurity.com,2,0.0105
tracebit.com,2,0.0105
55jaiio.sadio.org.ar,1,0.0053
advancedcsg.net,1,0.0053
akamai.com,1,0.0053
canary.tools,1,0.0053
cyberfidelity.co,1,0.0053
d3fend.mitre.org,1,0.0053
daleosynergy.eu,1,0.0053
deception.pro,1,0.0053
docs.rapid7.com,1,0.0053
ecca-group.com,1,0.0053
fortinet.com,1,0.0053
ibm.com,1,0.0053
jstage.jst.go.jp,1,0.0053
lastnode.com,1,0.0053
learn.microsoft.com,1,0.0053
maindefense.de,1,0.0053
maple-networks.com,1,0.0053
ncsc.gov.uk,1,0.0053
neroswarm.com,1,0.0053
people.csail.mit.edu,1,0.0053
quirso.de,1,0.0053
researchgate.net,1,0.0053
revistas.unlp.edu.ar,1,0.0053
sitwll.com,1,0.0053
vbn.aau.dk,1,0.0053
wipro.com,1,0.0053
zscaler.com,1,0.0053
